Route_Name,Route_Link,Bus_Name,Bus_Type,Departing_Time,Duration,Reaching_Time,Star_Rating,Price,Seat_Availability
Kolkata to Digha,https://www.redbus.in/bus-tickets/kolkata-to-digha,WBTC (CTC) Kolkata - Digha - 124|14:40,Non AC Seater (2+3),14:40,04h 25m,19:05,3.6,145,42 Seats available
Kolkata to Digha,https://www.redbus.in/bus-tickets/kolkata-to-digha,WBTC (CTC) Belgachia - Digha via Esplanade - 51|14:45,Non AC Seater (2+3),14:45,05h 25m,20:10,3.4,155,48 Seats available
Kolkata to Digha,https://www.redbus.in/bus-tickets/kolkata-to-digha,WBTC (CTC) Belgachia - Digha via Esplanade - 51|15:45,Non AC Seater (2+3),15:45,04h 25m,20:10,4.4,145,48 Seats available
Kolkata to Digha,https://www.redbus.in/bus-tickets/kolkata-to-digha,WBTC (CTC) Khidderpur - Digha - 97|16:00,Non AC Seater (2+3),16:00,05h 00m,21:00,3.4,151,49 Seats available
Kolkata to Digha,https://www.redbus.in/bus-tickets/kolkata-to-digha,WBTC (CTC) Khidderpur - Digha - 97|16:45,Non AC Seater (2+3),16:45,04h 15m,21:00,3.2,145,49 Seats available
Kolkata to Digha,https://www.redbus.in/bus-tickets/kolkata-to-digha,Shyamoli Paribahan Pvt Ltd,VE A/C Seater (2+2),23:30,05h 00m,4:30,4.4,400,10 Seats available
Kolkata to Digha,https://www.redbus.in/bus-tickets/kolkata-to-digha,Express Line,Volvo 9600 A/C Seater (2+2),23:45,05h 00m,4:45,4.4,499,23 Seats available
Kolkata to Digha,https://www.redbus.in/bus-tickets/kolkata-to-digha,Shyamoli Paribahan Pvt Ltd,Volvo B11R Multi Axle Seater (2+2),23:45,05h 00m,4:45,4.3,400,21 Seats available
Kolkata to Digha,https://www.redbus.in/bus-tickets/kolkata-to-digha,Mayuri Express,AC Seater (2+2),23:15,05h 15m,4:30,4.1,416,19 Seats available
Kolkata to Digha,https://www.redbus.in/bus-tickets/kolkata-to-digha,City Express (Shinjini),AC Seater (2+3),23:50,05h 05m,4:55,3.5,370,20 Seats available
Kolkata to Digha,https://www.redbus.in/bus-tickets/kolkata-to-digha,Sagufta Travels (Bhorpet Travels),AC Seater (2+2),23:55,04h 40m,4:35,4.1,415,24 Seats available
Kolkata to Digha,https://www.redbus.in/bus-tickets/kolkata-to-digha,Parameswar Travels,A/C Seater Push Back (2+3),23:45,05h 15m,5:00,3.1,285,36 Seats available
Kolkata to Digha,https://www.redbus.in/bus-tickets/kolkata-to-digha,Parameswar Travels,A/C Seater Push Back (2+2),23:50,04h 55m,4:45,3.3,285,26 Seats available
Kolkata to Digha,https://www.redbus.in/bus-tickets/kolkata-to-digha,Sagufta Travels (Mayuri),A/C Seater (2+2),23:15,04h 45m,4:00,4.9,415,13 Seats available
Kolkata to Digha,https://www.redbus.in/bus-tickets/kolkata-to-digha,Parameswar Travels,A/C Seater Push Back (2+3),23:59,05h 01m,5:00,2.9,285,41 Seats available
Kolkata to Digha,https://www.redbus.in/bus-tickets/kolkata-to-digha,Basu Travels,A/C Seater / Sleeper (2+2),23:59,05h 01m,5:00,3.4,369,30 Seats available
Kolkata to Digha,https://www.redbus.in/bus-tickets/kolkata-to-digha,Snemita Paribahan (Bhorpet),AC Seater (2+2),23:55,04h 50m,4:45,3.7,420,28 Seats available
Kolkata to Digha,https://www.redbus.in/bus-tickets/kolkata-to-digha,Ankita Paribahan(Janhabi),A/C Seater Push Back (2+3),16:45,04h 35m,21:20,3.5,389,31 Seats available
Kolkata to Digha,https://www.redbus.in/bus-tickets/kolkata-to-digha,Mayuri Express,A/C Seater (2+3),18:20,04h 30m,22:50,4,278,61 Seats available
Kolkata to Digha,https://www.redbus.in/bus-tickets/kolkata-to-digha,Sagufta Travels (Atithi),A/C Seater Push Back (2+3),23:59,05h 01m,5:00,2.9,365,32 Seats available
Kolkata to Digha,https://www.redbus.in/bus-tickets/kolkata-to-digha,Santosh Bus Service,A/C Seater / Sleeper (2+2),23:59,05h 31m,5:30,2.3,279,45 Seats available
Kolkata to Digha,https://www.redbus.in/bus-tickets/kolkata-to-digha,Sagufta Travels(Maa Chandi),A/C Seater / Sleeper (2+2),23:57,05h 13m,5:10,4,415,8 Seats available
Kolkata to Digha,https://www.redbus.in/bus-tickets/kolkata-to-digha,Sagufta Travels(Angel),A/C Seater (2+2),23:58,05h 12m,5:10,2.9,365,19 Seats available
Kolkata to Digha,https://www.redbus.in/bus-tickets/kolkata-to-digha,Basu Travels,A/C Seater Push Back (2+3),23:30,05h 00m,4:30,3.1,499,20 Seats available
Kolkata to Digha,https://www.redbus.in/bus-tickets/kolkata-to-digha,Bengal Surface Transport,A/C Seater / Sleeper (2+2),23:55,05h 05m,5:00,2.9,369,37 Seats available
Kolkata to Digha,https://www.redbus.in/bus-tickets/kolkata-to-digha,Tara Ma Paribahan,Non AC Seater (2+3),14:30,05h 00m,19:30,2.8,220,54 Seats available
Kolkata to Digha,https://www.redbus.in/bus-tickets/kolkata-to-digha,Snemita Paribahan(Shinjini),A/C Seater (2+3),23:50,04h 40m,4:30,3.1,370,20 Seats available
Kolkata to Digha,https://www.redbus.in/bus-tickets/kolkata-to-digha,Snemita Paribahan (ANGEL),A/C Seater Push Back (2+2),23:58,05h 02m,5:00,2.2,400,15 Seats available
Kolkata to Digha,https://www.redbus.in/bus-tickets/kolkata-to-digha,Sagufta Travels(Janhabi),A/C Seater Push Back (2+3),16:45,04h 30m,21:15,2,315,24 Seats available
Kolkata to Digha,https://www.redbus.in/bus-tickets/kolkata-to-digha,Snemita Paribahan (BHORPET),A/C Seater (2+3),17:40,04h 20m,22:00,2.8,320,25 Seats available
Kolkata to Digha,https://www.redbus.in/bus-tickets/kolkata-to-digha,Samanta Travels,A/C Seater (2+3),18:50,04h 40m,23:30,2.3,285,61 Seats available
Kolkata to Digha,https://www.redbus.in/bus-tickets/kolkata-to-digha,City Express (BHORPET),AC Seater (2+3),17:40,04h 20m,22:00,2.3,370,31 Seats available
Kolkata to Digha,https://www.redbus.in/bus-tickets/kolkata-to-digha,Sagufta Travels (Samanta),A/C Seater (2+3),18:00,04h 50m,22:50,1.8,315,19 Seats available
Kolkata to Digha,https://www.redbus.in/bus-tickets/kolkata-to-digha,Suvam Travels,A/C Seater Push Back (2+3),15:30,05h 00m,20:30,2,300,61 Seats available
Kolkata to Digha,https://www.redbus.in/bus-tickets/kolkata-to-digha,Basu Travels,A/C Seater Push Back (2+3),14:25,04h 45m,19:10,1.5,399,26 Seats available
Kolkata to Digha,https://www.redbus.in/bus-tickets/kolkata-to-digha,Ankita Paribahan( Haimanti),A/C Seater Push Back (2+3),19:50,04h 15m,0:05,4.1,416,41 Seats available
Kolkata to Digha,https://www.redbus.in/bus-tickets/kolkata-to-digha,Maa Chandi Travels,A/C Seater / Sleeper (2+2),23:57,05h 13m,5:10,3.6,463,17 Seats available
Kolkata to Digha,https://www.redbus.in/bus-tickets/kolkata-to-digha,City Express (Shinjini),AC Seater (2+2),23:45,04h 50m,4:35,3.8,470,12 Seats available
Kolkata to Digha,https://www.redbus.in/bus-tickets/kolkata-to-digha,Santosh Bus Service,A/C Seater Push Back (2+3),23:50,05h 10m,5:00,3.5,280,15 Seats available
Kolkata to Digha,https://www.redbus.in/bus-tickets/kolkata-to-digha,Arunita Paribahan,AC Seater (2+2),23:45,05h 00m,4:45,4.3,370,21 Seats available
Kolkata to Digha,https://www.redbus.in/bus-tickets/kolkata-to-digha,Adhikary Paribahan,A/C Seater Push Back (2+3),15:00,04h 30m,19:30,3.2,265,17 Seats available
Kolkata to Digha,https://www.redbus.in/bus-tickets/kolkata-to-digha,Sagufta Travels (Kojagor),A/C Seater Push Back (2+3),17:00,04h 50m,21:50,3.4,315,26 Seats available
Kolkata to Digha,https://www.redbus.in/bus-tickets/kolkata-to-digha,Snemita Parisheba(Samanta),AC Seater (2+3),18:00,04h 25m,22:25,3.8,352,25 Seats available
Kolkata to Digha,https://www.redbus.in/bus-tickets/kolkata-to-digha,Santosh Bus Service,A/C Seater Push Back (2+3),17:20,04h 30m,21:50,3.7,199,46 Seats available
Kolkata to Digha,https://www.redbus.in/bus-tickets/kolkata-to-digha,Santosh Bus Service,A/C Seater Push Back (2+3),15:55,05h 15m,21:10,3,200,34 Seats available
Kolkata to Digha,https://www.redbus.in/bus-tickets/kolkata-to-digha,Ankita Paribahan (Maity Motor),A/C Seater Push Back (2+3),22:20,04h 40m,3:00,3,416,25 Seats available
Kolkata to Digha,https://www.redbus.in/bus-tickets/kolkata-to-digha,Ankita Paribahan,A/C Push Back (2+3),15:45,04h 45m,20:30,3,389,21 Seats available
Kolkata to Digha,https://www.redbus.in/bus-tickets/kolkata-to-digha,Ankita Paribahan(Atithi),A/C Seater (2+3),23:55,05h 05m,5:00,3.2,389,15 Seats available
Kolkata to Digha,https://www.redbus.in/bus-tickets/kolkata-to-digha,Haimanti Bus Service,AC Seater (2+3),19:50,05h 40m,1:30,2.9,350,20 Seats available
Kolkata to Digha,https://www.redbus.in/bus-tickets/kolkata-to-digha,Sagufta Travels (Sagar Kanya),A/C Seater Push Back (2+3),23:30,04h 35m,4:05,2.6,365,17 Seats available
Kolkata to Digha,https://www.redbus.in/bus-tickets/kolkata-to-digha,Parameswar Travels,A/C Seater Push Back (2+3),21:50,05h 55m,3:45,2.1,285,51 Seats available
Kolkata to Digha,https://www.redbus.in/bus-tickets/kolkata-to-digha,Parameswar Travels,A/C Seater Push Back (2+3),23:55,05h 05m,5:00,2.7,285,49 Seats available
Kolkata to Digha,https://www.redbus.in/bus-tickets/kolkata-to-digha,Sagufta Travels (Kojagor),A/C Seater (2+3),15:50,04h 30m,20:20,2.3,315,10 Seats available
Kolkata to Digha,https://www.redbus.in/bus-tickets/kolkata-to-digha,Snemita Parisheba,A/C Push Back (2+3),15:15,04h 30m,19:45,3,352,19 Seats available
Kolkata to Digha,https://www.redbus.in/bus-tickets/kolkata-to-digha,Santosh Bus Service,A/C Seater (2+3),18:30,05h 15m,23:45,2.2,240,46 Seats available
Kolkata to Digha,https://www.redbus.in/bus-tickets/kolkata-to-digha,Santosh Bus Service,A/C Seater Push Back (2+3),19:00,04h 35m,23:35,2.1,239,46 Seats available
Kolkata to Digha,https://www.redbus.in/bus-tickets/kolkata-to-digha,Snemita Parisheba,AC Seater (2+3),19:30,04h 40m,0:10,2.1,352,20 Seats available
Kolkata to Digha,https://www.redbus.in/bus-tickets/kolkata-to-digha,Samanta Travels,A/C Seater (2+3),18:10,05h 00m,23:10,2.6,285,16 Seats available
Kolkata to Digha,https://www.redbus.in/bus-tickets/kolkata-to-digha,Basu Travels,A/C Seater Push Back (2+3),14:32,04h 28m,19:00,2.4,390,61 Seats available
Kolkata to Digha,https://www.redbus.in/bus-tickets/kolkata-to-digha,Bengal Surface Transport,A/C Seater Push Back (2+3),23:59,05h 01m,5:00,1.8,399,20 Seats available
Kolkata to Digha,https://www.redbus.in/bus-tickets/kolkata-to-digha,Santosh Bus Service,A/C Seater Push Back (2+3),19:25,04h 34m,23:59,2,239,36 Seats available
Kolkata to Digha,https://www.redbus.in/bus-tickets/kolkata-to-digha,Purusottam Travels,NON A/C Seater (2+3),14:00,05h 00m,19:00,1.2,280,48 Seats available
Kolkata to Digha,https://www.redbus.in/bus-tickets/kolkata-to-digha,Snemita Pariseba(Santosh),AC Seater (2+3),18:30,05h 00m,23:30,1,352,20 Seats available
Kolkata to Digha,https://www.redbus.in/bus-tickets/kolkata-to-digha,Snemita Parisheba,AC Seater (2+3),19:05,04h 40m,23:45,1.8,352,20 Seats available
Kolkata to Digha,https://www.redbus.in/bus-tickets/kolkata-to-digha,Jay Baba Bhutnath(Adhikary),A/C Seater (2+3),15:10,04h 50m,20:00,0,300,19 Seats available
Mandarmani to Kolkata,https://www.redbus.in/bus-tickets/mandarmani-to-kolkata,Express Line,Volvo 9600 Multi Axle Semi-Sleeper (2+2),14:30,03h 45m,18:15,4.7,349,13 Seats available
Mandarmani to Kolkata,https://www.redbus.in/bus-tickets/mandarmani-to-kolkata,Shyamoli Paribahan Pvt Ltd,Volvo A/C Seater (2+2),14:15,04h 10m,18:25,4.2,300,7 Seats available
Mandarmani to Kolkata,https://www.redbus.in/bus-tickets/mandarmani-to-kolkata,Greenline,Volvo A/C Seater (2+2),14:00,04h 15m,18:15,4.1,300,7 Seats available
Mandarmani to Kolkata,https://www.redbus.in/bus-tickets/mandarmani-to-kolkata,Shyamoli Paribahan Pvt Ltd,VE A/C Seater (2+2),14:30,04h 25m,18:55,4.1,300,7 Seats available
Mandarmani to Kolkata,https://www.redbus.in/bus-tickets/mandarmani-to-kolkata,Shyamoli Paribahan Pvt Ltd,Scania Multi-Axle AC Semi Sleeper (2+2),14:00,03h 45m,17:45,4.3,300,2 Seats available
Mandarmani to Kolkata,https://www.redbus.in/bus-tickets/mandarmani-to-kolkata,Greenline,Volvo A/C Seater (2+2),14:10,04h 15m,18:25,4.1,300,11 Seats available
Mandarmani to Kolkata,https://www.redbus.in/bus-tickets/mandarmani-to-kolkata,Maa Chandi Travels,A/C Seater / Sleeper (2+2),15:20,03h 50m,19:10,4.3,370,19 Seats available
Mandarmani to Kolkata,https://www.redbus.in/bus-tickets/mandarmani-to-kolkata,Samanta Travels,A/C Seater (2+3),15:15,04h 05m,19:20,3.3,285,10 Seats available
Mandarmani to Kolkata,https://www.redbus.in/bus-tickets/mandarmani-to-kolkata,Snemita Pariseba(Samanta),A/C Seater Push Back (2+3),15:15,04h 05m,19:20,2.9,314,14 Seats available
Mandarmani to Kolkata,https://www.redbus.in/bus-tickets/mandarmani-to-kolkata,Snemita Paribahan (Angel),AC Seater (2+3),14:30,04h 00m,18:30,3.5,320,30 Seats available
Mandarmani to Kolkata,https://www.redbus.in/bus-tickets/mandarmani-to-kolkata,Sagufta Travels(Atithi),A/C Seater Push Back (2+3),14:20,04h 10m,18:30,2.1,315,15 Seats available
Mandarmani to Kolkata,https://www.redbus.in/bus-tickets/mandarmani-to-kolkata,Sree Jagannath Travels,A/C Seater Push Back (2+3),14:40,04h 20m,19:00,2.8,278,29 Seats available
Mandarmani to Kolkata,https://www.redbus.in/bus-tickets/mandarmani-to-kolkata,Bengal Surface Transport,A/C Seater Push Back (2+3),18:05,04h 25m,22:30,3,419,66 Seats available
Mandarmani to Kolkata,https://www.redbus.in/bus-tickets/mandarmani-to-kolkata,Parameswar Travels,A/C Seater Push Back (2+3),18:30,04h 45m,23:15,1.8,285,31 Seats available
Mandarmani to Kolkata,https://www.redbus.in/bus-tickets/mandarmani-to-kolkata,City Express (Angel),AC Seater (2+3),14:30,04h 00m,18:30,1.5,370,31 Seats available
Mandarmani to Kolkata,https://www.redbus.in/bus-tickets/mandarmani-to-kolkata,Sneha Gold Bus Service,A/C Seater (2+3),17:10,04h 20m,21:30,4.2,300,20 Seats available
Mandarmani to Kolkata,https://www.redbus.in/bus-tickets/mandarmani-to-kolkata,Maa Chandi Travels,A/C Seater / Sleeper (2+2),17:20,04h 10m,21:30,4.4,370,6 Seats available
Mandarmani to Kolkata,https://www.redbus.in/bus-tickets/mandarmani-to-kolkata,Snemita Parisheba(Santosh),AC Seater (2+3),14:05,04h 00m,18:05,3.5,352,28 Seats available
Mandarmani to Kolkata,https://www.redbus.in/bus-tickets/mandarmani-to-kolkata,City Express (Shinjini),AC Seater (2+3),16:00,03h 55m,19:55,3.1,370,8 Seats available
Mandarmani to Kolkata,https://www.redbus.in/bus-tickets/mandarmani-to-kolkata,City Express (Shinjini),AC Seater (2+3),23:15,04h 55m,4:10,3.1,320,24 Seats available
Mandarmani to Kolkata,https://www.redbus.in/bus-tickets/mandarmani-to-kolkata,Snemita Parisheba(Santosh),A/C Seater Push Back (2+3),23:40,04h 40m,4:20,3,352,15 Seats available
Mandarmani to Kolkata,https://www.redbus.in/bus-tickets/mandarmani-to-kolkata,Sree Jagannath Travels,A/C Seater Push Back (2+3),15:40,04h 20m,20:00,2.8,278,30 Seats available
Mandarmani to Kolkata,https://www.redbus.in/bus-tickets/mandarmani-to-kolkata,Snemita Parisheba(SNEHA GOLD),AC Seater (2+3),17:10,04h 00m,21:10,2.5,352,46 Seats available
Mandarmani to Kolkata,https://www.redbus.in/bus-tickets/mandarmani-to-kolkata,Basu Travels,A/C Seater Push Back (2+3),18:05,04h 25m,22:30,2.7,419,30 Seats available
Mandarmani to Kolkata,https://www.redbus.in/bus-tickets/mandarmani-to-kolkata,Snemita Paribahan(SHINJINI),A/C Seater (2+3),16:40,03h 50m,20:30,2.7,370,6 Seats available
Mandarmani to Kolkata,https://www.redbus.in/bus-tickets/mandarmani-to-kolkata,Ankita Paribahan (Maity Motor),AC Seater (2+3),16:30,03h 45m,20:15,2,342,39 Seats available
Mandarmani to Kolkata,https://www.redbus.in/bus-tickets/mandarmani-to-kolkata,Ankita Paribahan - Parameswar,A/C Seater (2+3),18:40,04h 00m,22:40,1.7,342,36 Seats available
Mandarmani to Kolkata,https://www.redbus.in/bus-tickets/mandarmani-to-kolkata,Snemita Paribahan (Shinjini),AC Seater (2+3),23:59,03h 46m,3:45,2.7,420,22 Seats available
Mandarmani to Kolkata,https://www.redbus.in/bus-tickets/mandarmani-to-kolkata,City Express (Shinjini),AC Seater (2+3),16:40,03h 50m,20:30,2.2,370,23 Seats available
Mandarmani to Kolkata,https://www.redbus.in/bus-tickets/mandarmani-to-kolkata,Snemita Paribahan(Shinjini),A/C Seater (2+3),23:15,04h 55m,4:10,2.7,370,24 Seats available
Mandarmani to Kolkata,https://www.redbus.in/bus-tickets/mandarmani-to-kolkata,Satya Paribahan,A/C Seater (2+3),19:00,04h 00m,23:00,1.8,342,61 Seats available
Mandarmani to Kolkata,https://www.redbus.in/bus-tickets/mandarmani-to-kolkata,Satya Paribahan,A/C Seater (2+3),23:40,04h 05m,3:45,1.8,324,7 Seats available
Mandarmani to Kolkata,https://www.redbus.in/bus-tickets/mandarmani-to-kolkata,Parameswar Travels,A/C Seater Push Back (2+3),20:55,04h 40m,1:35,1.7,285,20 Seats available
Mandarmani to Kolkata,https://www.redbus.in/bus-tickets/mandarmani-to-kolkata,Aradhana Travels,A/C Seater / Sleeper (2+1),20:00,03h 59m,23:59,3.5,475,37 Seats available
Mandarmani to Kolkata,https://www.redbus.in/bus-tickets/mandarmani-to-kolkata,Samanta Travels,A/C Seater (2+3),15:15,04h 05m,19:20,3.3,285,11 Seats available
Mandarmani to Kolkata,https://www.redbus.in/bus-tickets/mandarmani-to-kolkata,Santosh Bus Service,A/C Seater Push Back (2+3),17:35,03h 55m,21:30,3.1,295,25 Seats available
Mandarmani to Kolkata,https://www.redbus.in/bus-tickets/mandarmani-to-kolkata,City Express (Shinjini),AC Seater (2+3),15:50,04h 00m,19:50,3.1,370,25 Seats available
Mandarmani to Kolkata,https://www.redbus.in/bus-tickets/mandarmani-to-kolkata,Snemita Parisheba,AC Seater (2+3),18:30,04h 00m,22:30,3,352,41 Seats available
Mandarmani to Kolkata,https://www.redbus.in/bus-tickets/mandarmani-to-kolkata,Snemita Parisheba,AC Seater (2+3),17:40,03h 50m,21:30,3,352,36 Seats available
Mandarmani to Kolkata,https://www.redbus.in/bus-tickets/mandarmani-to-kolkata,Snemita Parisheba(Santosh),A/C Seater Push Back (2+3),23:59,04h 31m,4:30,3,352,30 Seats available
Mandarmani to Kolkata,https://www.redbus.in/bus-tickets/mandarmani-to-kolkata,Snemita Paribahan(Shinjini),A/C Seater (2+3),15:55,04h 05m,20:00,2.7,370,36 Seats available
Mandarmani to Kolkata,https://www.redbus.in/bus-tickets/mandarmani-to-kolkata,Snemita Paribahan,A/C Seater / Sleeper (2+2),17:15,04h 00m,21:15,2.7,420,40 Seats available
Mandarmani to Kolkata,https://www.redbus.in/bus-tickets/mandarmani-to-kolkata,Snemita Paribahan,A/C Seater / Sleeper (2+2),15:00,04h 10m,19:10,2.7,420,57 Seats available
Mandarmani to Kolkata,https://www.redbus.in/bus-tickets/mandarmani-to-kolkata,Ankita Paribahan (Lokenath),AC Seater (2+3),17:00,04h 00m,21:00,2.5,278,41 Seats available
Mandarmani to Kolkata,https://www.redbus.in/bus-tickets/mandarmani-to-kolkata,Ankita Paribahan,A/C Executive (2+3),16:05,03h 55m,20:00,2.5,342,56 Seats available
Mandarmani to Kolkata,https://www.redbus.in/bus-tickets/mandarmani-to-kolkata,Ankita Paribahan,A/C Seater Push Back (2+3),14:10,04h 10m,18:20,2.5,389,41 Seats available
Mandarmani to Kolkata,https://www.redbus.in/bus-tickets/mandarmani-to-kolkata,Ankita Paribahan(Jackson),A/C Push Back (2+3),15:40,04h 25m,20:05,2.5,389,13 Seats available
Mandarmani to Kolkata,https://www.redbus.in/bus-tickets/mandarmani-to-kolkata,Ankita Paribahan,Non AC Seater (2+3),19:00,04h 00m,23:00,2.5,324,46 Seats available
Mandarmani to Kolkata,https://www.redbus.in/bus-tickets/mandarmani-to-kolkata,Aradhana Bus Service,Non AC Seater (2+3),17:20,05h 10m,22:30,2.4,333,54 Seats available
Mandarmani to Kolkata,https://www.redbus.in/bus-tickets/mandarmani-to-kolkata,Aradhana Bus Service,A/C Seater / Sleeper (2+2),23:20,04h 40m,4:00,2.4,570,33 Seats available
Mandarmani to Kolkata,https://www.redbus.in/bus-tickets/mandarmani-to-kolkata,Aniruddha Travels,NON A/C Seater Push Back (2+3) (2+3),16:50,04h 25m,21:15,2,250,30 Seats available
Mandarmani to Kolkata,https://www.redbus.in/bus-tickets/mandarmani-to-kolkata,Parameswar Travels,A/C Seater Push Back (2+3),22:05,04h 55m,3:00,1.7,285,14 Seats available
Kolkata to Mandarmani,https://www.redbus.in/bus-tickets/kolkata-to-mandarmani,West bengal transport corporation - 123496,Non AC Seater (2+3),16:15,04h 00m,20:15,4.4,145,23 Seats available
Kolkata to Mandarmani,https://www.redbus.in/bus-tickets/kolkata-to-mandarmani,West bengal transport corporation - 157764,Non AC Seater (2+3),17:15,04h 00m,21:15,4.4,145,33 Seats available
Kolkata to Mandarmani,https://www.redbus.in/bus-tickets/kolkata-to-mandarmani,Shyamoli Paribahan Pvt Ltd,VE A/C Seater (2+2),23:30,04h 15m,3:45,4.6,400,10 Seats available
Kolkata to Mandarmani,https://www.redbus.in/bus-tickets/kolkata-to-mandarmani,Express Line,Volvo 9600 A/C Seater (2+2),23:45,04h 20m,4:05,4.6,499,23 Seats available
Kolkata to Mandarmani,https://www.redbus.in/bus-tickets/kolkata-to-mandarmani,Shyamoli Paribahan Pvt Ltd,Volvo B11R Multi Axle Seater (2+2),23:45,04h 15m,4:00,4.1,400,21 Seats available
Kolkata to Mandarmani,https://www.redbus.in/bus-tickets/kolkata-to-mandarmani,AdSagufta Travels(Maa Chandi),A/C Seater / Sleeper (2+2),23:57,04h 30m,4:27,3.3,415,8 Seats available
Kolkata to Mandarmani,https://www.redbus.in/bus-tickets/kolkata-to-mandarmani,Mayuri Express,AC Seater (2+2),23:15,03h 45m,3:00,4.7,416,19 Seats available
Kolkata to Mandarmani,https://www.redbus.in/bus-tickets/kolkata-to-mandarmani,Sagufta Travels (Atithi),A/C Seater Push Back (2+3),23:59,04h 31m,4:30,3.1,365,32 Seats available
Kolkata to Mandarmani,https://www.redbus.in/bus-tickets/kolkata-to-mandarmani,Basu Travels,A/C Seater / Sleeper (2+2),23:59,04h 01m,4:00,3.9,369,30 Seats available
Kolkata to Mandarmani,https://www.redbus.in/bus-tickets/kolkata-to-mandarmani,Snemita Paribahan(Shinjini),A/C Seater (2+3),23:50,04h 10m,4:00,2.9,370,20 Seats available
Kolkata to Mandarmani,https://www.redbus.in/bus-tickets/kolkata-to-mandarmani,Sagufta Travels (Samanta),A/C Seater (2+3),18:00,04h 00m,22:00,2.9,315,20 Seats available
Kolkata to Mandarmani,https://www.redbus.in/bus-tickets/kolkata-to-mandarmani,Snemita Parisheba (Samanta),AC Seater (2+3),14:15,04h 00m,18:15,1.7,352,41 Seats available
Kolkata to Mandarmani,https://www.redbus.in/bus-tickets/kolkata-to-mandarmani,Santosh Bus Service,A/C Seater / Sleeper (2+2),23:59,04h 46m,4:45,2.1,279,45 Seats available
Kolkata to Mandarmani,https://www.redbus.in/bus-tickets/kolkata-to-mandarmani,Parameswar Travels,A/C Seater Push Back (2+2),23:50,04h 40m,4:30,2.4,285,26 Seats available
Kolkata to Mandarmani,https://www.redbus.in/bus-tickets/kolkata-to-mandarmani,Ankita Paribahan,A/C Push Back (2+3),15:45,04h 00m,19:45,2.4,389,21 Seats available
Kolkata to Mandarmani,https://www.redbus.in/bus-tickets/kolkata-to-mandarmani,Parameswar Travels,A/C Seater Push Back (2+3),23:59,04h 31m,4:30,1.3,285,43 Seats available
Kolkata to Mandarmani,https://www.redbus.in/bus-tickets/kolkata-to-mandarmani,Ankita Paribahan(Atithi),A/C Seater (2+3),23:55,04h 35m,4:30,1.9,389,20 Seats available
Kolkata to Mandarmani,https://www.redbus.in/bus-tickets/kolkata-to-mandarmani,Mayuri Express,A/C Seater (2+3),18:20,04h 10m,22:30,4.7,278,61 Seats available
Kolkata to Mandarmani,https://www.redbus.in/bus-tickets/kolkata-to-mandarmani,Santosh Bus Service,A/C Seater (2+3),19:30,03h 50m,23:20,3.5,200,33 Seats available
Kolkata to Mandarmani,https://www.redbus.in/bus-tickets/kolkata-to-mandarmani,Samanta Travels,A/C Seater (2+3),18:50,03h 40m,22:30,3.5,285,61 Seats available
Kolkata to Mandarmani,https://www.redbus.in/bus-tickets/kolkata-to-mandarmani,Sagufta Travels(Angel),A/C Seater (2+2),23:58,04h 42m,4:40,3.3,365,19 Seats available
Kolkata to Mandarmani,https://www.redbus.in/bus-tickets/kolkata-to-mandarmani,Snemita Paribahan (Bhorpet),AC Seater (2+2),23:55,04h 20m,4:15,3.3,420,28 Seats available
Kolkata to Mandarmani,https://www.redbus.in/bus-tickets/kolkata-to-mandarmani,Sagufta Travels (Kojagor),A/C Seater Push Back (2+3),17:00,04h 30m,21:30,3.3,315,26 Seats available
Kolkata to Mandarmani,https://www.redbus.in/bus-tickets/kolkata-to-mandarmani,Sagufta Travels(Janhabi),A/C Seater Push Back (2+3),16:45,04h 00m,20:45,3.3,315,24 Seats available
Kolkata to Mandarmani,https://www.redbus.in/bus-tickets/kolkata-to-mandarmani,Snemita Paribahan (ANGEL),A/C Seater Push Back (2+2),23:58,04h 02m,4:00,3.3,400,15 Seats available
Kolkata to Mandarmani,https://www.redbus.in/bus-tickets/kolkata-to-mandarmani,Sagufta Travels (Bhorpet Travels),AC Seater (2+2),23:55,04h 20m,4:15,3.3,415,24 Seats available
Kolkata to Mandarmani,https://www.redbus.in/bus-tickets/kolkata-to-mandarmani,Sagufta Travels (Mayuri),A/C Seater (2+2),23:15,04h 30m,3:45,3.3,415,13 Seats available
Kolkata to Mandarmani,https://www.redbus.in/bus-tickets/kolkata-to-mandarmani,Snemita Paribahan (BHORPET),A/C Seater (2+3),17:40,03h 35m,21:15,3.3,320,25 Seats available
Kolkata to Mandarmani,https://www.redbus.in/bus-tickets/kolkata-to-mandarmani,Adhikary Paribahan,A/C Seater Push Back (2+3),15:00,04h 00m,19:00,4.2,265,14 Seats available
Kolkata to Mandarmani,https://www.redbus.in/bus-tickets/kolkata-to-mandarmani,City Express (BHORPET),AC Seater (2+3),17:40,04h 05m,21:45,3.1,370,31 Seats available
Kolkata to Mandarmani,https://www.redbus.in/bus-tickets/kolkata-to-mandarmani,City Express (Shinjini),AC Seater (2+3),23:50,04h 20m,4:10,3.1,370,20 Seats available
Kolkata to Mandarmani,https://www.redbus.in/bus-tickets/kolkata-to-mandarmani,City Express (Shinjini),AC Seater (2+2),23:45,04h 15m,4:00,3.1,470,12 Seats available
Kolkata to Mandarmani,https://www.redbus.in/bus-tickets/kolkata-to-mandarmani,Sagufta Travels (Kojagor),A/C Seater (2+3),15:50,04h 00m,19:50,3.2,315,10 Seats available
Kolkata to Mandarmani,https://www.redbus.in/bus-tickets/kolkata-to-mandarmani,Arunita Paribahan,AC Seater (2+2),23:45,04h 15m,4:00,2.9,370,21 Seats available
Kolkata to Mandarmani,https://www.redbus.in/bus-tickets/kolkata-to-mandarmani,Bengal Surface Transport,A/C Seater Push Back (2+3),23:20,03h 55m,3:15,2.9,419,61 Seats available
Kolkata to Mandarmani,https://www.redbus.in/bus-tickets/kolkata-to-mandarmani,Bengal Surface Transport,A/C Seater / Sleeper (2+2),23:55,04h 05m,4:00,2.9,369,37 Seats available
Kolkata to Mandarmani,https://www.redbus.in/bus-tickets/kolkata-to-mandarmani,Basu Travels,A/C Seater Push Back (2+3),23:30,03h 35m,3:05,2.8,499,20 Seats available
Kolkata to Mandarmani,https://www.redbus.in/bus-tickets/kolkata-to-mandarmani,Basu Travels,A/C Seater Push Back (2+3),14:25,03h 55m,18:20,2.8,399,30 Seats available
Kolkata to Mandarmani,https://www.redbus.in/bus-tickets/kolkata-to-mandarmani,Samanta Travels,A/C Seater (2+3),18:10,04h 50m,23:00,3.4,285,16 Seats available
Kolkata to Mandarmani,https://www.redbus.in/bus-tickets/kolkata-to-mandarmani,Parameswar Travels,A/C Seater Push Back (2+3),23:55,04h 35m,4:30,2.5,285,49 Seats available
Kolkata to Mandarmani,https://www.redbus.in/bus-tickets/kolkata-to-mandarmani,Santosh Bus Service,A/C Seater Push Back (2+3),23:50,04h 55m,4:45,2.2,359,15 Seats available
Kolkata to Mandarmani,https://www.redbus.in/bus-tickets/kolkata-to-mandarmani,Sagufta Travels (Sagar Kanya),A/C Seater Push Back (2+3),23:30,04h 30m,4:00,2.9,365,17 Seats available
Kolkata to Mandarmani,https://www.redbus.in/bus-tickets/kolkata-to-mandarmani,Snemita Pariseba(Santosh),AC Seater (2+3),18:30,03h 30m,22:00,2.8,352,20 Seats available
Kolkata to Mandarmani,https://www.redbus.in/bus-tickets/kolkata-to-mandarmani,Maa Chandi Travels,A/C Seater / Sleeper (2+2),23:57,04h 23m,4:20,1.9,463,17 Seats available
Kolkata to Mandarmani,https://www.redbus.in/bus-tickets/kolkata-to-mandarmani,Parameswar Travels,A/C Seater Push Back (2+3),23:45,04h 45m,4:30,2.6,285,51 Seats available
Kolkata to Mandarmani,https://www.redbus.in/bus-tickets/kolkata-to-mandarmani,Ankita Paribahan( Haimanti),A/C Seater Push Back (2+3),19:50,03h 50m,23:40,2.1,416,41 Seats available
Kolkata to Mandarmani,https://www.redbus.in/bus-tickets/kolkata-to-mandarmani,Ankita Paribahan (Maity Motor),A/C Seater Push Back (2+3),22:20,04h 00m,2:20,2.1,416,25 Seats available
Kolkata to Mandarmani,https://www.redbus.in/bus-tickets/kolkata-to-mandarmani,Ankita Paribahan(Janhabi),A/C Seater Push Back (2+3),16:45,03h 55m,20:40,2.1,389,31 Seats available
Kolkata to Mandarmani,https://www.redbus.in/bus-tickets/kolkata-to-mandarmani,Suvam Travels,A/C Seater Push Back (2+3),15:30,03h 45m,19:15,1.8,300,61 Seats available
Kolkata to Mandarmani,https://www.redbus.in/bus-tickets/kolkata-to-mandarmani,Jay Baba Bhutnath(Adhikary),A/C Seater (2+3),15:10,04h 20m,19:30,3.7,300,19 Seats available
Kolkata to Mandarmani,https://www.redbus.in/bus-tickets/kolkata-to-mandarmani,Santosh Bus Service,A/C Seater Push Back (2+3),17:20,04h 00m,21:20,3.5,199,46 Seats available
Kolkata to Mandarmani,https://www.redbus.in/bus-tickets/kolkata-to-mandarmani,Santosh Bus Service,A/C Seater Push Back (2+3),19:00,03h 30m,22:30,3.5,239,46 Seats available
Kolkata to Mandarmani,https://www.redbus.in/bus-tickets/kolkata-to-mandarmani,Santosh Bus Service,A/C Seater (2+3),18:30,04h 30m,23:00,3.5,239,46 Seats available
Kolkata to Mandarmani,https://www.redbus.in/bus-tickets/kolkata-to-mandarmani,Santosh Bus Service,NON A/C Seater Pushback (2+3),16:10,04h 50m,21:00,3.5,176,40 Seats available
Kolkata to Mandarmani,https://www.redbus.in/bus-tickets/kolkata-to-mandarmani,Snemita Paribahan (Shinjini),AC Seater (2+2),23:45,04h 15m,4:00,3.3,470,14 Seats available
Kolkata to Mandarmani,https://www.redbus.in/bus-tickets/kolkata-to-mandarmani,Snemita Paribahan (Ruposhi),AC Seater (2+3),15:55,04h 15m,20:10,3.3,320,30 Seats available
Kolkata to Mandarmani,https://www.redbus.in/bus-tickets/kolkata-to-mandarmani,Haimanti Bus Service,AC Seater (2+3),19:50,05h 10m,1:00,3.3,350,20 Seats available
Kolkata to Mandarmani,https://www.redbus.in/bus-tickets/kolkata-to-mandarmani,City Express (Ruposhi),AC Seater (2+3),15:55,04h 25m,20:20,3.1,370,31 Seats available
Kolkata to Mandarmani,https://www.redbus.in/bus-tickets/kolkata-to-mandarmani,Bengal Surface Transport,A/C Seater Push Back (2+3),23:59,04h 01m,4:00,2.9,399,20 Seats available
Kolkata to Mandarmani,https://www.redbus.in/bus-tickets/kolkata-to-mandarmani,Bengal Surface Transport,A/C Seater Push Back (2+3),14:29,03h 41m,18:10,2.9,379,61 Seats available
Kolkata to Mandarmani,https://www.redbus.in/bus-tickets/kolkata-to-mandarmani,Basu Travels,A/C Seater Push Back (2+3),23:55,03h 35m,3:30,2.8,469,21 Seats available
Kolkata to Mandarmani,https://www.redbus.in/bus-tickets/kolkata-to-mandarmani,Basu Travels,A/C Seater Push Back (2+3),14:32,03h 43m,18:15,2.8,390,61 Seats available
